"﻿""Country Name""",Country Code,1960,1961,1962,1963,1964,1965,1966,1967,1968,1969,1970,1971,1972,1973,1974,1975,1976,1977,1978,1979,1980,1981,1982,1983,1984,1985,1986,1987,1988,1989,1990,1991,1992,1993,1994,1995,1996,1997,1998,1999,2000,2001,2002,2003,2004,2005,2006,2007,2008,2009,2010,2011,2012,2013,2014,2015,Unnamed: 58
Arab World,ARB,,,,,,,,,,,,,,,,,,,,,,,,,,,,,,,,,,,,,,,,,,,,,,,,,,,,,,,,,
Caribbean small states,CSS,,,,,,,,,,,,,,,,,,,,,,,,,,,,,,,,,,,,,,,,,,-0.865807039105,-3.27433374932,-0.419322144633,-0.761236412093,2.17031184709,-0.282490385643,-1.37285993947,-1.13043623107,-5.60813999274,-3.36310981513,,,,,,
Central Europe and the Baltics,CEB,,,,,,,,,,,,,,,,,,,,,,,,,,,,,,,,,,,-2.71221631131,-2.74189521457,-2.78306402103,-2.74199719261,-2.37695361439,-2.86939800457,-3.26369079305,-3.66184122123,-4.65739782353,-5.07053009547,-4.57167698281,-4.08566170569,-4.0980747412,-2.68738647972,-3.57374538679,-6.55649738505,-5.55721186418,-4.35776355629,-2.92314502826,-3.36807415171,-1.45408461207,,
Early-demographic dividend,EAR,,,,,,,,,,,,,,,,,,,,,,,,,,,,,,,-2.29756392779,-1.52548314544,-2.05230590356,-2.41620498281,-1.54637413304,-1.37687965855,-1.57028731364,-2.15293967663,-3.16790545785,,,,,,,,,,,,,,,,,,
East Asia & Pacific,EAS,,,,,,,,,,,,,,,,,,,,,,,,,,,,,,,,,,,,,,,,,,,,,,,,,,,,,,,,,
East Asia & Pacific (excluding high income),EAP,,,,,,,,,,,,,,,,,,,,,,,,,,,,,,,,,,,,,,,,,,,,,,,,,,,,,,,,,
East Asia & Pacific (IDA & IBRD countries),TEA,,,,,,,,,,,,,,,,,,,,,,,,,,,,,,,,,,,,,,,,,,,,,,,,,,,,,,,,,
Euro area,EMU,,,,,,,,,,,,,2.07578227724,1.41599766505,0.707970125768,-1.62714658241,-0.780858392983,-0.562296450348,-1.47399448411,-1.70421777242,-1.79823644614,-1.34032313521,-2.07862908498,-1.90153963938,-1.99217063405,-1.91795523456,-3.25765284446,-3.51025972929,-2.55346812099,-1.99719792998,-2.13510083153,-2.71622031275,-3.10715337132,-4.32663127791,-4.02531210738,-7.7221751475,-4.92326037737,-3.72503084255,-3.27257892657,-2.37239089209,-1.2321948865,-2.54588117879,-3.00266337572,-3.57582531511,-3.45907801275,-3.22429915157,-2.35979551029,-1.80062771258,-2.83760799097,-6.53031567792,-5.00494340285,-3.23648950687,-3.31065969395,-2.61950010993,-2.39876868455,,
Europe & Central Asia,ECS,,,,,,,,,,,,,,1.51735395605,0.862552056782,-1.2369443667,-0.558742941262,-0.376930263563,-1.39289519051,-1.75573383381,-1.56598359626,-1.28802707547,-1.71105968498,-1.61217337817,-1.75544680058,-1.42186137293,-2.21849584116,-2.26244394466,-1.33950266022,-0.89141903659,-1.61535879635,-2.42999117498,-3.58275907144,-4.94491364484,-4.47798166095,-5.30933753076,-4.54551486946,-3.37388280259,-2.92646591192,-1.66854817136,-0.351021290536,-1.44421846397,-2.0039294663,-2.95022981246,-2.50475842716,-1.8120005664,-1.2223930636,-1.02518620118,-1.93898000078,-6.44917310935,-4.6144900667,-2.68349621843,-2.8163382945,-2.22801404411,-1.99204208548,,
Europe & Central Asia (excluding high income),ECA,,,,,,,,,,,,,,,,,,,,,,,,,,,,,,,,,,,-5.66818311335,3.71381658138,,,-5.48261460961,-0.992317742926,1.20151457228,1.3887841694,4.77059260987,1.16653179687,3.2954720179,,,,1.77744783693,-6.72751459815,-2.5283997387,1.03188458569,0.678369947289,0.43902757712,0.898092084383,,
Europe & Central Asia (IDA & IBRD countries),TEC,,,,,,,,,,,,,,,,,,,,,,,,,,,,,,,,,,,-5.06508855875,2.72525587985,,,-4.80617096818,-1.32854293927,0.244047470152,0.201867962049,2.59339231463,-0.406664185275,1.27131757133,4.51253250575,3.55864206002,1.64890535455,0.77919008945,-6.69302017217,-3.16271031001,0.168100350728,-0.0147183939917,-0.288382171958,0.466796843919,,
European Union,EUU,,,,,,,,,,,,,2.21070003009,1.44822248446,0.712737452901,-1.53037429646,-0.811808552156,-0.527358189973,-1.60894620115,-1.87328007018,-1.85098810808,-1.79996070964,-2.01085444336,-2.00936632062,-1.92862694444,-1.64072802238,-2.59670815393,-2.54695992047,-1.51440533954,-0.984017268138,-1.65620300669,-2.47853179092,-3.68894411606,-5.08625637936,-4.50539506357,-7.18682782365,-4.77757148307,-3.53394519958,-2.80431979054,-2.01098160029,-1.02659069933,-2.20527564307,-3.07007910099,-3.73457029627,-3.51867417743,-3.19264654516,-2.47637194387,-1.94289429307,-3.12272040956,-7.0434204954,-5.50593563755,-3.78488913244,-3.87160127038,-3.01834323986,-2.69801906412,,
Fragile and conflict affected situations,FCS,,,,,,,,,,,,,,,,,,,,,,,,,,,,,,,,,,,,,,,,,,,,,,,,,,,,,,,,,
Heavily indebted poor countries (HIPC),HPC,,,,,,,,,,,,,,,,,,,,,,,,,,,,,,,,,,,,,,,,,,,,,,,,,,,,,,,,,
High income,HIC,,,,,,,,,,,,,0.318487941235,0.423875738647,0.211947462636,-1.98281450486,-2.18652604725,-1.64700608122,-2.08101543519,-1.73535072042,-2.05344439716,-1.8470958892,-2.64227156001,-3.61950015839,-3.01615402147,-2.74451880987,-3.1701270442,-2.34568917569,-1.79914789661,-1.51566229388,-1.97817030499,-3.84959992871,-4.00961326686,-4.02988828967,-3.29750826817,-4.11554366897,-2.74177157116,-1.46795994332,-0.881281678676,-0.232950022398,0.905096991615,-1.29702175902,-2.93481612005,-3.76469134146,-3.42981949177,-3.00856785144,-1.90184976968,-1.93048673065,-3.56681921021,-7.77849044626,-6.50095989629,-5.53167868353,-5.07834382828,-3.58845202737,-3.47027727407,,
IBRD only,IBD,,,,,,,,,,,,,,,,,,,,,,,,,,,,,,,,,,,,,,,,,,,,,,,,,,,,,,,,,
IDA & IBRD total,IBT,,,,,,,,,,,,,,,,,,,,,,,,,,,,,,,,,,,,,,,,,,,,,,,,,,,,,,,,,
IDA blend,IDB,,,,,,,,,,,,,,,,,,,,,,,,,,,,,,,,,,,,,,,,,,,,-2.78774361007,-2.28517812032,-2.17399318551,-1.45439295822,-1.8752914786,-2.95836559732,-4.13013679561,-2.71353357836,-4.00357405383,-4.40518126495,,,,
IDA only,IDX,,,,,,,,,,,,,,,,,,,,,,,,,,,,,,,,,,,,,,,,,,,,,,,,,,,-2.16209187652,,,,,,
IDA total,IDA,,,,,,,,,,,,,,,,,,,,,,,,,,,,,,,,,,,,,,,,,,,,-2.42641262901,-1.84263549864,,,,,-3.10633345805,-2.44017938751,-2.93644943708,,,,,
Late-demographic dividend,LTE,,,,,,,,,,,,,,,,,,,,,,,,,,,,,,,,,,,,,,,,,,,,,,,,,,,,,,,,,
Latin America & Caribbean,LCN,,,,,,,,,,,,,,,,,,,,,,,,,,,,,,,-2.39442898255,1.14499787603,-0.924187489522,-3.46017020745,-1.47284516427,,,0.0100211869526,-2.57065813384,-2.28339492904,-1.49054446107,,,,,,,,,,,,,,,,
Latin America & Caribbean (excluding high income),LAC,,,,,,,,,,,,,,,,,,,,,,,,,,,,,,,-2.56063225219,1.14223671897,-1.09167270643,-3.76761017354,-1.62077012094,,,-0.0778751107161,-2.72926932852,-2.3193919499,-1.4760057068,,,-4.04580878725,,,,,,,,,,,,,
Latin America & the Caribbean (IDA & IBRD countries),TLA,,,,,,,,,,,,,,,,,,,,,,,,,,,,,,,-2.39442898255,1.14499787603,-0.924187489522,-3.46017020745,-1.47284516427,,,0.0100211869526,-2.57065813384,-2.28339492904,-1.49054446107,,,,,,,,,,,,,,,,
Least developed countries: UN classification,LDC,,,,,,,,,,,,,,,,,,,,,,,,,,,,,,,,,,,,,,,,,,,,,,,,,,,-1.01414161777,,,,,,
Low & middle income,LMY,,,,,,,,,,,,,,,,,,,,,,,,,,,,,,,,,,,,,,,,,,,,,,,,,,,,,,,,,
Low income,LIC,,,,,,,,,,,,,,,,,,,,,,,,,,,,,,,,,,,,,,,,,,,,,,,,,,,-1.7344293926,,,,,,
Lower middle income,LMC,,,,,,,,,,,,,,,,,,,,,,,,,,,,,,,-2.44851833796,-1.57333086988,-2.00673510631,-2.25196058645,-1.32381858571,-1.01375476375,-1.32448436301,-2.22638106956,-2.90246025667,-3.03702482981,,,-3.16517427493,-2.99497170765,-2.69263371714,-2.89387352565,-2.13271849843,-1.10276939637,-3.54830140485,-4.59149594418,-3.079896988,-3.02106608508,-3.69770991732,,,,
Middle East & North Africa,MEA,,,,,,,,,,,,,,,,,,,,,,,,,,,,,,,,,,,,,,,,,,,,,,,,,,,,,,,,,
Middle East & North Africa (excluding high income),MNA,,,,,,,,,,,,,,,,,,,,,,,,,,,,,,,,,,,-0.429404694259,0.504972960124,,-0.398650332786,,,,,-1.74437551062,-0.537377846369,0.422517989863,2.03484147544,1.08986966382,2.16039619977,1.0447832055,-2.25905703136,,,,,,,
Middle East & North Africa (IDA & IBRD countries),TMN,,,,,,,,,,,,,,,,,,,,,,,,,,,,,,,,,,,-0.429404694259,0.504972960124,0.445098077899,-0.398650332786,,,,,-1.74437551062,-0.537377846369,0.422517989863,2.05173466681,1.11497188826,2.18075424157,1.03594019505,-2.27991657469,,,,,,,
Middle income,MIC,,,,,,,,,,,,,,,,,,,,,,,,,,,,,,,,,,,,,,,,,,,,,,,,,,,,,,,,,
North America,NAC,,,,,,,,,,,,,-1.07372690844,-0.780512254042,0.0832889448453,-2.15699590804,-3.12155974663,-1.76370394127,-1.40628056613,-0.322930783016,-1.43685338541,-1.05389173816,-2.73573232335,-4.81949965051,-3.67684454127,-3.92731646335,-4.24844041214,-2.62719299777,-2.64001131624,-2.30588686944,-3.65643860968,-4.40452252989,-4.44592057096,-3.82904628147,-2.94145039856,-2.14721041453,-1.46957715228,-0.17787631805,0.780927508578,1.25126297948,2.22513654093,-1.19446591748,-3.74514441937,-4.89626795727,-4.61425364499,-3.94460233637,-3.04501277726,-3.35302268876,-6.11209494286,-10.8389222652,-9.32764992196,-8.288125109,-6.73597559922,-3.79696360769,-4.83375909127,,
Not classified,INX,,,,,,,,,,,,,,,,,,,,,,,,,,,,,,,,,,,,,,,,,,,,,,,,,,,,,,,,,
OECD members,OED,,,,,,,,,,,,,0.341422113458,0.434648976296,0.245985936599,-1.8999443303,-2.08788599734,-1.58848063965,-2.00301038541,-1.71956816993,-2.02179010745,-1.76505819728,-2.64496363157,-3.55566755758,-3.06205805999,-2.75312338238,-3.11554727863,-2.31430920817,-1.785246071,-1.51365654764,-2.10114557148,-3.13258619801,-3.65825553192,-4.00917539391,-3.29185554817,-4.26406599994,-2.8693945134,-1.74279066894,-1.02649105398,-0.30439631048,0.826047539935,-1.32521494969,-2.95645737205,-3.80223434955,-3.56741352044,-3.13520724547,-2.01355819725,-2.09785751373,-3.68881903039,-7.95503708754,-6.58120311572,-5.60612499705,-5.14042148719,-3.55133860048,-3.40096302681,,
Other small states,OSS,,,,,,,,,,,,,,,,,,,,,,,,,,,,,,,,,,,,,,,,,,,,,7.04324922176,4.29094378673,4.68130469662,6.45272502094,4.62656055766,4.66131730293,-0.920139600917,,,,,,
Pacific island small states,PSS,,,,,,,,,,,,,,,,,,,,,,,,,,,,,,,,,,,,,,,,,,,,,,,,,,,,,,,,,
Post-demographic dividend,PST,,,,,,,,,,,,,0.439083006858,0.527917586359,0.314922543502,-1.92958086174,-2.15877470729,-1.59681551917,-2.06513270741,-1.72446860071,-2.03360359708,-1.76988536091,-2.57072245994,-3.52381459091,-2.94804818725,-2.77990232465,-3.22303303401,-2.36770205866,-1.81283705461,-1.5303531656,-1.99735967663,-3.12710517036,-3.71911136888,-3.99488570586,-3.27676344612,-4.30232179906,-2.78168174605,-1.51997007649,-0.854199225566,-0.187096764845,0.987918592725,-1.23553275409,-2.87906787578,-3.72259685784,-3.48492931366,-3.05277924446,-1.94485160385,-2.00670513245,-3.60056600654,-7.82669178399,-6.44554499444,-5.58249613132,-5.13926283242,-3.61753148634,-3.54666592478,,
Pre-demographic dividend,PRE,,,,,,,,,,,,,,,,,,,,,,,,,,,,,,,,,,,,,,,,,,,,,,,,,,,-0.87198396816,,,,,,
Small states,SST,,,,,,,,,,,,,,,,,,,,,,,,,,,,,,,,,,,,,,,,,,,,,5.67157637547,3.85842159859,3.81409480194,5.22264263881,3.72163391516,3.01775401847,-1.32100001912,,,,,,
South Asia,SAS,,,,,,,,,,,,,,,,,,,,,,,,,,,,,,,-3.29602341148,-2.67760196505,-2.7123419071,-4.16779905247,-2.79149741408,-2.61747200927,-2.60869018715,-3.24672197206,-3.59092808723,-3.53457500714,-3.90677892047,-4.12554203114,-4.21661017273,-3.2157698978,-3.00871320246,-3.12759746025,-2.45817182023,-1.0054447066,-4.86814460243,-5.15072692509,-3.43734769541,-3.26484431002,-4.23293236602,,,,
South Asia (IDA & IBRD),TSA,,,,,,,,,,,,,,,,,,,,,,,,,,,,,,,-3.29602341148,-2.67760196505,-2.7123419071,-4.16779905247,-2.79149741408,-2.61747200927,-2.60869018715,-3.24672197206,-3.59092808723,-3.53457500714,-3.90677892047,-4.12554203114,-4.21661017273,-3.2157698978,-3.00871320246,-3.12759746025,-2.45817182023,-1.0054447066,-4.86814460243,-5.15072692509,-3.43734769541,-3.26484431002,-4.23293236602,,,,
Sub-Saharan Africa,SSF,,,,,,,,,,,,,,,,,,,,,,,,,,,,,,,,,,,,,,,,,,,,-3.39371243446,-0.454445569342,-0.729228266631,2.49337473699,1.30318489769,0.173912815474,-4.15899898283,-2.35280055195,-1.78320094397,-2.36511378847,,,,
Sub-Saharan Africa (excluding high income),SSA,,,,,,,,,,,,,,,,,,,,,,,,,,,,,,,,,,,,,,,,,,,,-3.40821855089,-0.457451839564,-0.732496480366,2.49370443557,1.3098758033,0.167092763035,-4.16668958899,-2.35640805,-1.7903998187,-2.37300615801,,,,
Sub-Saharan Africa (IDA & IBRD countries),TSS,,,,,,,,,,,,,,,,,,,,,,,,,,,,,,,,,,,,,,,,,,,,-3.39371243446,-0.454445569342,-0.729228266631,2.49337473699,1.30318489769,0.173912815474,-4.15899898283,-2.35280055195,-1.78320094397,-2.36511378847,,,,
Upper middle income,UMC,,,,,,,,,,,,,,,,,,,,,,,,,,,,,,,,,,,,,,,,,,,,,,,,,,,,,,,,,
World,WLD,,,,,,,,,,,,,,,,,,,,,,,,,,,,,,,-2.02198213277,,,,-3.11367623415,-3.2683388643,-2.53789757839,-1.49949076921,-1.51057758848,-0.675965601691,0.514500589929,-1.31376984174,-2.54591835257,-3.43649597246,-2.8528141605,-2.45820093551,-1.50905586472,-1.55391623729,-3.07002575152,-7.2207100506,-5.75327446133,-4.79772633673,-4.46950505731,-3.39022795872,,,
Afghanistan,AFG,,,,,,,,,,,,,,,,,,,,,,,,,,,,,,,,,,,,,,,,,,,,,,,-2.02786009648,-1.73123021369,-2.31424986559,0.281700159017,1.49556676873,-0.626409395981,-0.621107949138,,,,
Albania,ALB,,,,,,,,,,,,,,,,,,,,,,,,,,,,,,,,,,,,-8.90831843919,-10.1847091619,-12.121090804,-9.55616257204,,,,-6.67839261865,-2.8359871017,-3.04455724394,,,,,,,,,,,,
Algeria,DZA,,,,,,,,,,,,,,,,,,,,,,,,,,,,,,,,,,,-3.98437831184,-1.26183082771,2.96295696353,2.28300126116,-3.57632911431,-0.345438935809,9.70144338109,4.36468127205,1.16300333585,5.50674576358,5.30929889947,13.3948704305,13.1805222738,4.97493467343,9.27913360369,-4.49177473633,0.407202933722,-0.2828934418,,,,,
American Samoa,ASM,,,,,,,,,,,,,,,,,,,,,,,,,,,,,,,,,,,,,,,,,,,,,,,,,,,,,,,,,
Andorra,AND,,,,,,,,,,,,,,,,,,,,,,,,,,,,,,,,,,,,,,,,,,,,,,,,,,,,,,,,,
Angola,AGO,,,,,,,,,,,,,,,,,,,,,,,,,,,,,,,,,,,,,,,,4.28333152408,26.2691041378,10.4185082723,1.67339018044,-12.1901061297,12.7438389854,0.899323738177,24.3139391972,14.652529421,7.21600298768,-10.9819021387,0.859708441245,11.4431362258,6.66144576579,,,,
Antigua and Barbuda,ATG,,,,,,,,,,,,,,,,,,,,,,,,,,,,,,,,,,,,,,,,,-5.32517543547,-9.76466207089,-10.2315401694,-5.54676118089,-2.6921600342,15.7042004484,-7.00841339146,-5.75411563624,-6.0750258546,-10.9998808832,-1.38292944509,-4.3464300076,-1.34041441064,,,,
Argentina,ARG,,,,,,,,,,,,,,,,,,,,,,,,,,,,,,,,,,,,,,,,,,,,,,,,,,,,,,,,,
Armenia,ARM,,,,,,,,,,,,,,,,,,,,,,,,,,,,,,,,,,,,,,,,,,,,-0.739865922212,-0.848435545378,-1.00431858663,-0.300422797422,-0.566883682178,-0.542749555115,-7.60081536696,-4.96766177398,-2.76440681102,-1.3043816809,,,,
Aruba,ABW,,,,,,,,,,,,,,,,,,,,,,,,,,,,,,,,,,,,,,,,,,,,,,,,,,,,,,,,,
Australia,AUS,,,,,,,,,,,,,2.34415423725,0.991772113702,2.15990968556,0.800360091711,-1.07276007216,-0.657408082681,-1.45784833798,-1.4906098333,-0.664110486543,0.0808981669659,0.509954075644,-1.35966606178,-2.90490275584,-1.33373633484,-0.688390756884,0.469669236665,1.42727530829,2.54274154957,1.658310328,0.0932946166363,-2.73593316672,-3.8250504685,-3.64347478585,,,,,0.253449072057,1.69827825308,0.535293182704,-0.744105295014,0.529273645719,0.538587566395,0.764050139219,1.24887971819,1.16646138565,1.47121123927,-2.90450460571,-4.03116293452,-3.67251976351,-3.03196547927,-1.46964378375,-1.84566490258,,
Austria,AUT,,,,,,,,,,,,,2.1191272065,0.733729344239,0.909820261792,-1.65946628154,-2.20859234956,-1.58612481026,-1.67092121963,-1.17644381511,-0.792201263538,-0.76024875577,-2.30351156842,-3.18562750937,-2.11712070294,-2.41384810127,-3.38250857266,-3.97362750983,-3.3414696596,-2.6246319334,-3.30111172642,-3.38493128608,-2.54004524691,-4.28458375125,-4.22590695745,-6.8615186025,-5.6531074351,-4.06911103455,-4.10299971623,-3.71627771401,-3.02468920729,-1.97229223218,-2.33842601843,-2.79700504283,-5.66190299812,-3.78024909682,-3.46577949699,-2.49583389172,-2.5983934814,-5.64463904821,-3.18419699451,-2.13887308789,-1.94243398528,-1.16809347374,-2.53281876826,,
Azerbaijan,AZE,,,,,,,,,,,,,,,,,,,,,,,,,,,,,,,,,,,-11.1673135343,-3.13139938139,-2.36301891211,-3.96762794939,-4.94163842563,-4.66623753669,,,,,,,,,19.5663872916,7.57046753648,15.4463675968,12.8562651204,6.05556070006,,,,
"Bahamas, The",BHS,,,,,,,,,,,,,,,,,,,,,,,,,,,,,,,,,,,,,,,,,,,,,,,,,,,,,,,,,
Bahrain,BHR,,,,,,,,,,,,,,,,,,,,,,,,,,,,,,,-2.33903420523,-1.29630696549,-3.99686520376,-3.31406945226,-6.42495431236,-3.12812599473,0.27895219801,1.889163411,-6.08145886198,-2.53866248398,7.49196000884,3.97326964329,-0.792447659039,1.77467910428,4.51818556544,6.54815868243,3.98841627503,3.36368333712,5.4826121488,-4.37704425741,-4.77948819789,-0.534621347604,,0.679396903674,,,
Bangladesh,BGD,,,,,,,,,,,,,,,,,,,,,,,,,,,,,,,,,,,,,,,,,,-0.570927482606,-0.151864704258,-0.104760791938,-0.63112206296,-0.970706746206,-1.24079739303,-1.14512894423,-0.829757737693,-1.44315774649,-0.813674182833,-0.805802481861,,,,,
Barbados,BRB,,,,,,,,,,,,,,,,,,,,,,,,,,,,,,,,,,,,,,,,,,,,-2.35314516031,-1.73282116944,-2.34522095151,-1.73955200778,-8.08909042224,-4.97549494015,-6.27067850934,-7.95974809358,-4.58745214548,-9.91021405054,-12.2415165616,,,
Belarus,BLR,,,,,,,,,,,,,,,,,,,,,,,,,,,,,,,,,-4.75932936723,-3.58259245727,-1.82654047614,-2.65266147512,-1.83559981484,-1.06932337341,-0.944384415485,-1.9049896405,0.0690840613983,-0.826928004099,1.13151964741,-1.05605448409,-0.135392204322,0.224817150296,1.46858342059,0.431508710414,2.37262158951,0.219965068953,-1.50065169921,1.72645702938,0.0884953960127,,,,
Belgium,BEL,,,,,,,,,,,,,,,,,,,,,,,,,,,,,,,,,,,,-4.36228829578,-4.18200257477,-2.5679186083,-1.7767495552,-1.36431009311,-0.411351472764,-0.826673890469,-0.078454171923,-2.07488756532,-0.454519575108,-3.06959332993,-0.173849422339,-0.803102871084,-1.5188693543,-4.84894531755,-3.15551039301,-3.61350123712,-3.56069346259,-2.44988858471,-2.59170645941,,
Belize,BLZ,,,,,,,,,,,,,,,,,,,,,,,,,,,,,,,-0.614574506718,-5.60733898744,-7.45881582459,-7.86967058179,-6.60318418934,-3.49541813435,-1.98391353196,-1.26407131373,-1.64994551101,-3.48844977296,-5.74006506284,-10.3754545165,-7.02062839723,-7.99025597011,-9.52502717777,-3.39772107894,-4.13214705931,-0.620126783111,0.378591610712,-1.21473592368,-1.22123224853,-1.447421939,-0.198586855933,,,,
Benin,BEN,,,,,,,,,,,,,,,,,,,,,,,,,,,,,,,,,,,,,,,,,,0.604279723687,-0.0635543626116,-1.67025619231,0.823534878004,-0.559963818968,2.22571462405,8.29341377305,2.37819084186,-0.963175700346,1.94308677782,2.55548602096,1.5831302398,2.73710870107,,,
Bermuda,BMU,,,,,,,,,,,,,,,,,,,,,,,,,,,,,,,,,,,,,,,,,,,,,,,,,,,,,,,,,
Bhutan,BTN,,,,,,,,,,,,,,,,,,,,,,,,,,,,,,,-5.8312812405,-0.0510020818698,-2.23979676429,6.74385595614,2.72511796318,-0.0508749276737,3.02119624725,0.193405096909,2.3204534634,-2.02009767186,-2.40527719946,-9.02951798049,-3.6532856212,-9.83685839376,2.01829774698,-0.986881712345,1.32243772092,2.46223749865,-1.3858468508,0.500463893109,,,,,,,
Bolivia,BOL,,,,,,,,,,,,,,,,,,,,,,,,,,,1.34301054342,1.00286555401,1.63342742122,0.686156018486,0.536160531125,1.87694750945,-0.0785863327193,0.881476238839,0.304309448769,0.286644302,1.24731439119,-0.750170505303,-0.494849401544,-0.565244228803,-0.903357640349,-4.79805597761,-6.70301107752,-5.3939887541,-2.78386932213,0.0906965827985,15.0087700112,4.20350533414,,,,,,,,,
Bosnia and Herzegovina,BIH,,,,,,,,,,,,,,,,,,,,,,,,,,,,,,,,,,,,,,,,,,,,,,2.00762530314,2.74531079891,0.916692307856,-1.60602816668,-4.18507014726,-2.17485314342,-0.920115186679,-1.49650436308,-1.97490309738,-0.272847141448,,
Botswana,BWA,,,,,,,,,,,,,,,,,,,,,,,,,,,,,,,19.0847022624,16.9080701314,15.8255124087,13.9380703262,3.56199604709,4.99382348904,9.76177326574,,,,,,,,,,12.5005538693,5.21618943802,-6.54767261681,-12.1246081638,-7.54224822155,-0.398989116918,1.36329270036,,,,
Brazil,BRA,,,,,,,,,,,,,,,,,,,,,,,,,,,,,,,-3.38547730208,1.50796355561,-2.11260210343,-6.93010952941,-2.66277280613,,,-0.00698464114174,-3.58592409473,-2.47260046162,-1.80412458287,-2.0580317659,-1.15821268023,-4.29288792627,-1.83968628728,-3.55544122361,-2.83731092805,-1.83023519883,-1.17853378953,-3.37247505334,-1.61896381198,-2.44605507233,-1.80409842704,,,,
British Virgin Islands,VGB,,,,,,,,,,,,,,,,,,,,,,,,,,,,,,,,,,,,,,,,,,,,,,,,,,,,,,,,,
Brunei Darussalam,BRN,,,,,,,,,,,,,,,,,,,,,,,,,,,,,,,,,,,,,,,,,,,,,,,,,,,,,,,,,
Bulgaria,BGR,,,,,,,,,,,,,,,,,,,,,,,,,,,,,,,-5.04950364172,-3.35298452469,-4.89442231076,-11.3449314152,-5.03557838661,-5.13326695995,-14.8467330159,-0.377813386571,1.17646987339,0.391989444141,-0.3757334639,0.193362778056,-0.520002095323,0.184468492847,1.5216448784,3.13935120193,3.11531903561,3.13329013512,2.92054692615,-0.0887584301118,-3.3159972739,-1.89770047652,-0.761260591914,,,,
Burkina Faso,BFA,,,,,,,,,,,,,,,,,,,,,,,,,,,,,,,,,,,,,,,,,,,-4.57973792222,-2.02936395841,-4.43562520942,-5.3966582418,-5.8567988996,-5.41986673718,-3.94763569134,-4.679351004,-4.54394107633,-2.29426148231,-3.11254446783,-3.93965914241,7.0031133817,,
Burundi,BDI,,,,,,,,,,,,,,,,,,,,,,,,,,,,,,,,-2.29591595957,-6.59264196378,-5.12724883383,-5.37435651269,-4.69013276925,-8.68719118206,,-2.90182658671,-2.35796003513,,,,,,,,,,,,,,,,,
Cabo Verde,CPV,,,,,,,,,,,,,,,,,,,,,,,,,,,,,,,,,,,,,,,,,,,,,,-2.94780555269,-1.91251230098,1.84843880085,2.17875182266,-0.425649774329,,,,,,,
Cambodia,KHM,,,,,,,,,,,,,,,,,,,,,,,,,,,,,,,,,,,,,,,,,,,-3.3848882847,-4.4195964006,-2.15739201319,0.0403526168984,-1.71330664483,-0.804519032716,-0.308054362148,-4.53768470626,-3.52731085562,-4.56400240901,-1.15889945827,-2.69432002923,-1.37683459754,,
Cameroon,CMR,,,,,,,,,,,,,,,,,,,,,,,,,,,,,,,-5.58577904701,-4.54403921011,-1.87055991135,-1.46979156468,-2.44032050651,0.248823123895,,,1.46104012142,0.124136886782,,,,,,,,,,,,,,,,,
Canada,CAN,,,,,,,,,,,,,,,,,,,,,,,,,,,,,,,,-4.86004350357,-4.79861567919,-5.26505221539,-4.53067547216,-3.8980762944,-2.40448622732,0.346719002724,0.606746008461,0.934933934388,2.21348355377,1.56448240034,1.49177940766,1.14435162339,1.56553068034,0.835269310134,1.62557875683,1.73698405879,0.650484021337,-1.16730946525,-1.77079905254,-1.12524732728,-0.212200078121,0.146496684006,0.550976334525,,
Cayman Islands,CYM,,,,,,,,,,,,,,,,,,,,,,,,,,,,,,,,,,,,,,,,,,,,,,,,,,,,,,,,,
Central African Republic,CAF,,,,,,,,,,,,,,,,,,,,,,,,,,,,,,,,,,,,,,,,,,,,,-0.472933713386,,,,-0.967719911269,-6.136063157,-9.02187578595,-6.56950990568,0.657600216127,,,,
Chad,TCD,,,,,,,,,,,,,,,,,,,,,,,,,,,,,,,,,,,,,,,,,,,,,,,,,,,,,,,,,
Channel Islands,CHI,,,,,,,,,,,,,,,,,,,,,,,,,,,,,,,,,,,,,,,,,,,,,,,,,,,,,,,,,
Chile,CHL,,,,,,,,,,,,,-4.16181122024,0.0,2.82303684932,5.55211071042,3.89455929553,2.53339641043,3.63657996803,7.3065485582,7.86556562541,5.01040707577,-2.25159799196,-2.38619515101,-1.59130751579,0.488321769774,1.11809485761,2.49229797069,1.47649517083,2.40716257559,0.341497861523,1.24755817525,2.10293391247,1.71172328642,1.4706553244,2.15692963962,2.06019791712,1.91123167916,0.413659508799,-1.33998254437,-1.44862935977,-1.32731286026,-1.98265554734,-1.19634988699,1.31299909887,3.66326135173,6.67656926653,7.69459558364,3.82126798828,-4.92155010975,-0.424083875475,1.29226372666,0.545375912773,-0.605729482981,-0.333023930366,,
China,CHN,,,,,,,,,,,,,,,,,,,,,,,,,,,,,,,,,,,,,,,,,,,,,,,,,,,,,,,,,
Colombia,COL,,,,,,,,,,,,,,,,,,,,,,,,,,,,,,,,,,,,,,,-3.38468625603,-6.11307216832,-3.12229520436,,,-5.13724813813,,,,,-5.8053900757,-7.26503710993,-4.68188851128,-1.3306021913,2.51624790974,-5.5017923436,-5.41048057705,,
Comoros,COM,,,,,,,,,,,,,,,,,,,,,,,,,,,,,,,,,,,,,,,,,,,,,,,,,,,,,,,,,
"Congo, Dem. Rep.",COD,,,,,,,,,,,,,,,,,,,,,,,,,,,,,,,,-13.5633333333,-13.6257815443,-13.3207961862,-1.52485601196,0.0201805248854,-0.322469283333,-0.78637500983,-2.83567405916,-5.57851219775,-0.936468855073,-0.0137633410434,0.531207561195,-0.336707751796,-0.638433892758,-0.603873206311,-0.870336122148,-0.653577702336,-0.0647245611026,0.264648726945,2.44081766443,,,,,,
"Congo, Rep.",COG,,,,,,,,,,,,,,,,,,,,,,,,,,,,,,,,,-13.124678034,-12.6167609862,-13.2232582499,-8.16512033933,-1.88581984396,-8.08585966571,-19.6522041116,-5.61995454909,,-1.26890063467,-5.24296807573,6.55159383906,-3.22550143021,9.62174797032,18.622347245,11.5249060286,27.9040167567,7.55021603229,40.9121254197,,,,,,
Costa Rica,CRI,,,,,,,,,,,,,,0.393607805306,3.48070857753,1.72571796845,1.30588713266,0.531698749591,-1.49036728429,-3.00713611327,-3.76761534062,-0.245172292683,0.840981657254,0.605841062018,1.82814320967,0.990794948115,-1.71755780913,-0.722764233576,1.42088626261,0.0556619048568,-1.94772863996,-0.977294577577,0.766559473093,-0.149603108184,-4.43000737422,-2.12947127811,-2.82769166713,-1.83711920732,-1.20435753493,-1.41354634682,-1.31487527028,-1.21212620623,-3.40611944842,-1.59802981136,-1.32657378153,-0.794910190146,1.14584777508,1.73556044663,-0.784481932206,-3.35984543979,-4.14967892911,-3.34696814395,-3.91906756043,-4.3143146321,-2.89249201405,,
Cote d'Ivoire,CIV,,,,,,,,,,,,,,,,,,,,,,,,,,,,,,,,,,,,,,,,,,2.94060584225,2.39572611365,-2.1919465933,-1.29095549773,-1.32493613295,-0.360553567655,0.0133333698187,0.31996554703,1.63127315406,-0.648485162709,-3.44943227174,-2.7867560453,-2.25957336889,3.88991322913,,
Croatia,HRV,,,,,,,,,,,,,,,,,,,,,,,,,,,,,,,,,,,,-1.12813423535,-0.548950182476,-0.965410148606,0.0580353628832,-4.52811290913,-5.24392058581,-4.09377031853,-3.0785121186,-3.4102373675,-3.30669050647,-2.36466055494,-1.51713274936,-1.0859122933,-0.82747313951,-3.04206703892,-4.39938760956,-4.62858888879,-3.38322214826,,,,
Cuba,CUB,,,,,,,,,,,,,,,,,,,,,,,,,,,,,,,,,,,,,,,,,,,,,,,,,,,,,,,,,
Curacao,CUW,,,,,,,,,,,,,,,,,,,,,,,,,,,,,,,,,,,,,,,,,,,,,,,,,,,,,,,,,
Cyprus,CYP,,,,,,,,,,,,,,,,-4.21400749836,-2.3120695681,1.87898834044,-1.37216194302,-0.814544290527,-1.67302377533,-2.53082185465,-2.14655090418,-5.14823601187,-0.929415229574,-0.897314751443,1.36548194013,-1.50039325664,-0.859762492187,0.54012137648,-8.41564922671,-10.4955028426,-7.28175098626,-3.24272709375,-2.23854078955,-2.76659945637,-6.49612647134,-9.80211348676,-7.99249611438,-8.28782479894,-5.32755063901,-6.60919594481,-10.592249005,-12.6854325159,-8.42623197492,-5.86619114897,-3.95843748281,3.42453313883,-0.755582501373,-6.5987665512,-4.74271020105,-5.6889967229,-5.81728711032,-5.05162001751,-8.66718038737,,
Czech Republic,CZE,,,,,,,,,,,,,,,,,,,,,,,,,,,,,,,,,,0.145085536383,-1.14287997673,-0.870949266351,-1.11065627583,-1.55003478709,-1.98372341473,-2.01376659366,-3.31100930191,-3.73421720005,-5.52684965494,-4.47064308646,-2.94275548207,-3.41282859398,-3.88180538452,-1.44156078353,-1.37382930388,-5.68209663506,-4.54815055755,-4.2257932918,-2.3340945632,,,,
Denmark,DNK,,,,,,,,,,,,,4.14849223507,4.77301127319,2.1546743306,-0.394741324559,0.893042511783,0.232762940269,0.717750565108,0.109218758013,-2.25311870763,-4.48500088421,-6.1847192723,-5.04303143893,-2.70037113436,0.355520833857,4.63391986018,4.34826807008,2.8767188295,1.6089687372,-0.417264458222,-1.2337872851,-1.30569253728,-1.91778011186,-2.19769868562,-5.5884176933,-3.71894365271,-2.64717154596,-1.95516306202,-1.02728837933,0.141079419283,-0.450009678562,-1.20388211344,-1.69737141425,0.272850303311,3.9003187042,4.10812775607,3.36285926553,1.70882875029,-3.95370711195,-2.61629700959,-2.18298858299,-3.62037049333,-1.17787047155,,,
Djibouti,DJI,,,,,,,,,,,,,,,,,,,,,,,,,,,,,,,,,,,,,,,,,,,,,,,,,,,,,,,,,
Dominica,DMA,,,,,,,,,,,,,,,,,,,,,,,,,,,,,,,,,,,,,,,,,-5.172126495,-7.72865679075,-6.75602682011,-3.59694610812,-4.16056006475,-1.5,0.559772296015,-0.931458699473,-2.70816491512,-2.12717638153,-6.2640660165,-8.43426883309,-11.7786259542,,,,
Dominican Republic,DOM,,,,,,,,,,,,,6.15911035073,5.78752103841,5.78684714247,9.64909816772,5.22346523317,,3.47059316354,-1.52578741679,0.193032722168,0.378423018534,-1.13134099204,-0.71793086618,1.01835362672,0.23691551438,2.49990170521,5.21389410249,5.14543132577,5.99320672247,0.589004101306,0.238847568584,2.51215954098,0.0906875554468,-0.512469148213,0.599456192311,-0.211432496569,0.330729292893,0.482230285772,-0.369197756595,0.836411017304,0.27167086,-0.154489531139,1.15999037446,-1.38774381979,-0.49938241655,-0.81531195084,0.283003702542,-3.63969385905,-3.47838669869,-2.7885513675,-2.47315162691,-6.18091139559,-3.18001200842,,,
Ecuador,ECU,,,,,,,,,,,,,,,,,,,,,,,,,,,,,,,1.9695413063,0.989396904283,-0.270939908791,1.08298015854,0.0748987138084,,,,,,,,,,,,,,,,,,,,,,
"Egypt, Arab Rep.",EGY,,,,,,,,,,,,,,,,,,,,,,,,,,,,,,,-1.95032751319,2.47293340899,-1.17469446441,4.23260309278,3.004,3.44166666667,-1.40061028771,-1.62805566002,,,,,-6.74531538665,-5.81628742515,-5.61055017515,-6.44885793872,-7.16849603367,-4.55796186896,-6.36079061977,-6.56296296296,-7.73391347588,-10.0824593392,-10.1145116504,,,,
El Salvador,SLV,,,,,,,,,,,,,,,,,,,,,,,,,,,,,,,,,,,,,,,0.886879717531,-11.4266686563,19.7554459917,-3.33388837809,-4.73344656699,-2.49822220155,-3.56177563409,-4.53029753478,-3.48558275429,0.634671149819,0.14231720405,-5.33226852524,-2.64306691007,-2.159070892,-0.790831040036,-1.41062547996,,,
Equatorial Guinea,GNQ,,,,,,,,,,,,,,,,,,,,,,,,,,,,,,,,,,,,,,,,,,,,,,,,20.814339242,18.0143068212,-9.5209968872,,,,,,,
Eritrea,ERI,,,,,,,,,,,,,,,,,,,,,,,,,,,,,,,,,,,,,,,,,,,,,,,,,,,,,,,,,
Estonia,EST,,,,,,,,,,,,,,,,,,,,,,,,,,,,,,,,,,,,0.0186253571971,-0.0633988533914,0.0873053620135,-0.073414816846,-0.25511426443,-0.065457247435,-0.0274834829017,-0.0189913746772,0.0442522162067,0.0852580177463,0.00209968744916,0.0806357127939,0.0850508196803,-0.251548595311,-0.232272738934,-0.00230140590188,0.0566352294173,-0.00617605704614,0.000336114397626,,,
Ethiopia,ETH,,,,,,,,,,,,,,,,,,,,,,,,,,,,,,,-6.5929718222,-5.87329678116,-4.73941012949,-3.75031591183,-5.18838514046,-3.10029780783,-1.64252082669,-1.13873890074,-3.05138792634,-4.20192255868,,-4.20211360902,-7.45923964164,-5.51938348666,-3.32192896382,-4.47685107243,-4.20937145866,-2.75784058234,-1.92159243812,-2.22256639182,-2.73395742954,-1.34983977133,,,,,
Faroe Islands,FRO,,,,,,,,,,,,,,,,,,,,,,,,,,,,,,,,,,,,,,,,,,,,,,,,,,,,,,,,,
Fiji,FJI,,,,,,,,,,,,,,,,,,,,,,,,,,,,,,,0.856565656566,-3.28452497551,-2.65299917474,-4.36049970256,-3.46954048795,-3.05640766538,-4.61579651941,,,,,,,,-0.0412332311494,-3.28890175621,-2.91554422014,,,,,,,,,,
Finland,FIN,,,,,,,,,,,,,4.92163986438,6.34254172332,4.16759848963,2.10969282102,4.29515329836,3.15060732914,1.26110618054,0.443103496604,1.05610552956,1.78722299133,0.455506513262,-0.490592110248,0.9588642112,1.17848415831,2.1357239562,0.221185580253,2.4653859872,3.56207109785,1.00439660813,-5.01128925551,-8.16757614372,-10.354733675,-9.13352640359,-9.31754535493,-6.27670004311,-2.74521838574,-0.137894263262,-0.0638182709202,4.74016781324,3.54202861594,2.59628158528,1.28852201704,1.19260212144,1.49281873627,2.44591972378,3.55979069588,2.7737195802,-3.85905020743,-2.56654195617,-0.535889347739,-1.09363190903,-1.83831846482,-2.62827133309,,
France,FRA,,,,,,,,,,,,,2.50371411048,2.31879642741,2.20603011411,-0.193267009682,1.33819649308,0.599504411401,-0.405507496584,0.568682962431,1.46996036135,-0.378386688161,-1.00863110773,-1.46653854723,-1.49302283639,-1.51745615172,-1.44833780104,-0.924292877242,-0.664041993155,-0.184114046511,-1.39254144067,-1.84254116043,-3.51338864476,-5.51437666211,-5.47294728264,-6.62151804318,-5.62662385258,-5.53194826838,-4.34355405865,-3.4921546456,-3.03186221586,-3.11071199103,-4.75458248829,-5.46356195374,-4.89087592883,-4.54582791344,-3.68466390045,-3.65872162823,-4.22652101992,-8.44362473233,-6.64008664581,-4.934249477,-4.48293545204,-3.6299625199,-3.77697192289,,
French Polynesia,PYF,,,,,,,,,,,,,,,,,,,,,,,,,,,,,,,,,,,,,,,,,,,,,,,,,,,,,,,,,
Gabon,GAB,,,,,,,,,,,,,,,,,,,,,,,,,,,,,,,,,,,,,,,,,,,,,,,,,,,,,,,,,
"Gambia, The",GMB,,,,,,,,,,,,,,,,,,,,,,,,,,,,,,,2.095825245,,,,,,,,,,,,,,,,,,,,,,,,,,
Georgia,GEO,,,,,,,,,,,,,,,,,,,,,,,,,,,,,,,,,,,,,,-4.29205589631,-2.78170336899,-2.20685678341,-1.61342184284,0.205274256821,-1.83743994455,-0.893264491482,0.535407331689,1.52483197913,1.55548387035,0.76263202861,-1.89621389624,-7.75660803681,-4.42840412343,-1.20727966553,-0.462409481672,,,,
Germany,DEU,,,,,,,,,,,,,1.61919138019,2.17595724901,0.401575643161,-1.87357208102,-1.55397102896,-1.10857151775,-1.01706931394,-0.878683842037,-0.743816745725,-1.21574209191,-0.920999090724,-0.904930893843,-0.661540901449,-0.0674933027386,-0.019439638064,-0.415138862923,-0.861122696069,0.469029906897,-0.515135222403,-3.21369794455,-2.40013686242,-2.61462353058,-1.85533437608,-8.61097069093,-2.86535983056,-2.2313162871,-2.41508649619,-1.81574713727,0.607423616571,-2.15441430043,-2.71268142942,-2.74706316889,-2.8981951925,-2.852324769,-1.79517393737,-0.82320362434,-0.912778031182,-2.75810068578,-3.06175050193,-0.474340761786,0.0814923444386,-0.0547004062648,0.409582768851,,
Ghana,GHA,,,,,,,,,,,,,,,,,,,,,,,,,,,,,,,,,,,,,,,,,,-6.50663371044,-5.0209140027,-3.62242860619,-1.35987790894,-1.4088851418,-4.20493151365,-4.68737873011,-5.87382892671,-5.64658939036,-7.19989336455,-3.91787637176,,,,,
Gibraltar,GIB,,,,,,,,,,,,,,,,,,,,,,,,,,,,,,,,,,,,,,,,,,,,,,,,,,,,,,,,,
Greece,GRC,,,,,,,,,,,,,3.35750203225,2.77145637402,0.706407687957,1.7219325427,1.68546718553,0.99958406189,1.30490603375,1.19921735651,0.260884826064,-3.46204613506,-9.80242243501,0.0261936350243,-5.97267008281,-6.49799463548,-4.79319545657,-6.70550678592,-8.08311378437,-15.0322378752,-19.648017795,,,,,-11.1461407062,-9.45003611157,-7.2494477751,-6.40734179887,-5.65593228503,-4.88292601851,-5.69602559368,-6.21127655403,-7.56714861983,-8.92957519243,-7.28459726695,-8.14829352908,-8.88976377834,-12.3653671554,-17.9262621468,-10.9865243565,-10.52316976,-9.02858115694,-12.0400882597,-3.55768224568,,
Greenland,GRL,,,,,,,,,,,,,,,,,,,,,,,,,,,,,,,,,,,,,,,,,,,,,,,,,,,,,,,,,
Grenada,GRD,,,,,,,,,,,,,,,,,,,,,,,,,,,,,,,,,,,,,,,,-3.5024410746,-2.10808223059,-6.58269613428,-14.3189122672,-3.64092188142,-0.60582824077,2.97736383248,-5.19618239661,-5.3173828125,-4.99103139013,-4.92208483763,-2.43545924907,-3.15836829181,-5.5378528448,,,,
Guam,GUM,,,,,,,,,,,,,,,,,,,,,,,,,,,,,,,,,,,,,,,,,,,,,,,,,,,,,,,,,
Guatemala,GTM,,,,,,,,,,,,,,,,,,,,,,,,,,,,,,,-1.91001924569,0.0696794503646,0.235304279432,-0.69794118418,-1.17471485332,-0.46826853645,-0.119293799101,-0.682040357277,-1.23920222433,-1.63977358647,-1.78064389684,-1.93318254188,-0.955147735099,-2.59476729535,-1.04622417155,-1.71865803959,-1.95678575751,-1.43303438154,-1.58320439375,-3.14366042091,-3.29844942243,-2.74514011699,-2.33110912756,,,,
Guinea,GIN,,,,,,,,,,,,,,,,,,,,,,,,,,,,,,,,,,,,,,,-4.25351000759,-2.38766167396,,,,,,,,,,,,,,,,,
Guinea-Bissau,GNB,,,,,,,,,,,,,,,,,,,,,,,,,,,,,,,,,,,,,,,,,,,,,,,,,,,,,,,,,
Guyana,GUY,,,,,,,,,,,,,,,,,,,,,,,,,,,,,,,,,,,,,,,,,,,,,,,,,,,,,,,,,
Haiti,HTI,,,,,,,,,,,,,,,,,,,,,,,,,,,,,,,,,,,,,,,,,,,,,,,,,,,,,,,,,
Honduras,HND,,,,,,,,,,,,,-0.367372376549,2.11506860904,2.78395360077,1.81494661922,1.92507425538,,,,,,,,,,,,,,,,,,,,,,,,,,,-2.96601681863,-0.72352046066,-0.764037934686,0.872784712635,-1.06125951247,-0.213102391652,-4.45822367633,-2.86074189905,-2.34696551659,-3.10686231574,-3.8474865135,-0.328803453489,,
"Hong Kong SAR, China",HKG,,,,,,,,,,,,,,,,,,,,,,,,,,,,,,,,,,,,,,,,,,,-6.96077588113,-6.07105064707,-1.72542813063,0.657945008551,3.17790156204,5.94842573657,0.0448611968349,0.455145842838,,,,,,,
Hungary,HUN,,,,,,,,,,,,,,,,,,,,,,,,,,,,,,,,-4.47646801783,-7.89337120302,-8.51303376897,-7.79298507544,-10.9905721153,-7.04817793356,-7.72335476198,-9.28956156414,-7.32018757301,-4.89394091269,-6.16258315656,-9.82780913155,-8.80402981604,-7.8170971644,-9.01169232429,-10.2854073258,-6.76269355219,-5.55962939872,-6.17277704465,-3.71818106037,-6.11360502478,-2.82513321188,-4.96478547068,-2.63642264031,,
Iceland,ISL,,,,,,,,,,,,,3.21230527072,3.7083250754,0.582920125926,0.399078944145,2.53739642905,1.78865121132,1.61243232809,1.44823978679,2.32893258013,2.86122978919,2.82018664507,-0.372284893002,2.80631021288,0.0595007847641,-2.46006446262,-0.920124534131,-2.07125595222,-2.16685251664,-2.55014206751,-3.65816631373,-2.5818145318,-3.00286944335,-2.82941934133,-2.39148739077,-1.12997188611,0.410268924875,-0.259515970571,1.28324469955,1.24747199295,-1.37033174609,-2.53593094741,-3.35873689864,-0.534369519911,3.37231984429,4.59267412735,3.37665743166,-13.4354622024,-9.9046451078,-8.75370055342,-5.05104565327,-3.26199465041,-1.26248408559,1.21351366584,,
India,IND,,,,,,,,,,,,,,,,,,,,,,,,,,,,,,,-3.32797467011,-2.21064901009,-2.26687934002,-3.8370810249,-2.362511931,-2.14310478402,-1.98389775688,-2.74218873837,-3.24596456312,-3.22450922149,-3.74462769997,-4.27311604283,-4.58131064796,-3.37092781298,-3.20003906959,-3.17788465223,-2.24290094932,-0.470615169058,-4.87021184766,-5.41869943511,-3.41365738994,-3.04168737009,-3.81993616045,,,,
Indonesia,IDN,,,,,,,,,,,,,,,,,,,,,,,,,,,,,,,0.401202085735,0.438455058421,-0.550647328392,0.404820104362,1.98917005447,3.01508792244,2.3159484194,0.157528641364,-1.74587903252,-2.47339439342,,,-0.294510518909,-2.31553343961,-1.10484365857,,,,,,-0.682449551087,-1.0706107199,-1.76022225519,,,,
"Iran, Islamic Rep.",IRN,,,,,,,,,,,,,,,,,,,,,,,,,,,,,,,-1.76746804774,-2.17159147557,-1.34982410699,-0.513505995942,-0.234735665702,1.04068419006,0.761018035158,-0.42824886848,-5.33958939683,0.111798321515,1.65580849916,0.891498337593,0.641232491099,1.43763912245,3.64925656224,5.22921019541,2.72625109791,6.65531801741,2.37620468155,0.471358246834,,,,,,,
Iraq,IRQ,,,,,,,,,,,,,,,,,,,,,,,,,,,,,,,,,,,,,,,,,,,,,,,,,,,,,,,,,
Ireland,IRL,,,,,,,,,,,,,-1.18456361137,-1.07941770078,-3.22343380487,-6.61683324931,-4.34794399564,-4.12048162927,-5.81860831042,-6.43903564196,-6.73891630726,-7.69230273266,-8.50985838481,-7.49629704167,-6.26808050744,-7.70754280235,-7.71424508662,-6.97137666618,-3.74648111309,-1.60191225177,-2.37063596371,-2.38276772218,-2.59850385786,-2.66897403371,-2.3180195338,-2.74648457754,-0.858427262558,0.706211341152,1.56333998545,1.84056058088,4.34094644215,0.759098653874,-0.656471933563,-0.201097798203,0.643279646467,0.402664714754,1.94131844319,-0.255914994851,-7.37453652805,-14.6444919835,-32.3663216377,-12.5648224957,-7.94279780453,-5.81574548578,-3.50936947701,,
Isle of Man,IMN,,,,,,,,,,,,,,,,,,,,,,,,,,,,,,,,,,,,,,,,,,,,,,,,,,,,,,,,,
Israel,ISR,,,,,,,,,,,,,-13.340003335,-15.4766817994,-16.087228528,-12.7927950978,-10.1133708877,-11.8137595552,-6.31711939356,-6.96785794561,-9.58678278321,-14.7841959962,-9.52531083035,-16.5534895573,-12.764536908,4.38126381558,5.82403676622,1.44117235725,-0.493580860506,-2.37647849939,-4.22929017451,-3.41255426984,-3.58233690345,-2.44511626613,-2.60810011396,-3.6530515048,-3.65960163715,-2.20268890126,-2.49366192878,-2.56376437769,-3.89026626036,-6.04862533426,-7.29393944864,-7.45957703246,-5.63344162545,-4.72864588869,-2.30373819821,-1.20480615995,-3.2404797268,-6.1732138193,-4.43366315022,-3.84314381441,-5.17834134208,-4.20982426208,-3.44771035213,,
Italy,ITA,,,,,,,,,,,,,,-2.75063934255,-2.24709154643,-6.34994248256,-4.06622670963,-3.16717630373,-5.34488716861,-6.83416495552,-8.33962734576,,,,,,-11.1590483258,-12.4145960662,-7.96901251087,-7.81309037802,,,,,,-8.66538761818,-7.64222108115,-4.09311780907,-3.99790143242,-2.43117725113,-2.36059024148,-4.37442677185,-3.46784068457,-4.23790853206,-3.88866683964,-4.63850569179,-3.85980144299,-2.69292536922,-3.72606499593,-6.28675477465,-3.81660616043,-3.31183068016,-3.16915082844,-2.90941999137,-3.49179590319,,
Jamaica,JAM,,,,,,,,,,,,,,,,1.06137521387,-3.81619951848,-5.58846446158,,,,,,-12.786706904,-1.97467547096,-5.09580856768,,,,,,,,,,,,,,,-2.06213602095,-3.31387786484,-6.45002561148,-2.38819541155,-2.94600012784,-0.869877463172,-1.75146949267,-3.98463704293,-5.83392218158,-9.37942076238,-5.78225331363,-5.94984684631,-3.25518104313,0.809293549766,2.50043203967,,
Japan,JPN,,,,,,,,,,,,,-0.217268476379,0.977100105144,-1.075793992,-3.64757144273,-4.22559270313,-4.85977016023,-5.73904835861,-5.68645231973,-5.44987101254,-5.05649332532,-5.10750246089,-5.34781291336,-4.47253998461,-3.7246354612,-3.56956427158,-2.18940525088,-1.36687884825,-1.83473333599,-0.388524761279,,,,,,,,,,,,,,,-3.8783059438,-0.744285920105,-2.41818707805,-2.95144164324,-7.33603501474,-6.74192197721,-8.20446300904,-7.76741799463,-7.19314808665,,,
Jordan,JOR,,,,,,,,,,,,,,,,,,,,,,,,,,,,,,,-3.37342202698,-2.16125760649,4.59032003039,1.23059888768,0.578205958155,0.931151111063,-1.63063170774,-3.19842270333,-5.03474074526,-1.29869376716,-2.03079443451,-3.13784963414,-3.12623568937,-0.322815221038,-1.44084334344,-5.12270441147,-3.64034278799,-4.68700195195,-2.1739950876,-8.92258985394,-5.57136189722,-6.75278551059,-8.30394360246,,,,
Kazakhstan,KAZ,,,,,,,,,,,,,,,,,,,,,,,,,,,,,,,,,,,,,,-1.80319560085,-2.48565783564,-2.81092131776,0.0900456386503,0.0646859451781,0.348045573878,-0.61099555325,0.220952798303,,,,,,,,,,,,
Kenya,KEN,,,,,,,,,,,,,,,,,,,,,,,,,,,,,,,,-2.75698973795,-1.61151352561,-0.192439529064,-3.41388554773,-5.06630037816,-0.775002252914,-0.577557434445,,,1.975454345,2.00194340246,1.99347854404,-2.19686406039,-1.46535313879,1.49480886744,-2.02985638915,-2.53995779886,-3.46042371762,-4.39214980975,-4.72844624039,-3.64837517996,-3.84455379447,,,,
Kiribati,KIR,,,,,,,,,,,,,,,,,,,,,,,,,,,,,,,,,,,,,,,,,,,,,,,,,,,,,,,,,
"Korea, Dem. People’s Rep.",PRK,,,,,,,,,,,,,,,,,,,,,,,,,,,,,,,,,,,,,,,,,,,,,,,,,,,,,,,,,
"Korea, Rep.",KOR,,,,,,,,,,,,,,,,,,,,,,,,,,,,,,,1.53071578453,0.491977767036,1.08955462791,1.82444051021,1.95959309275,2.26405507169,2.40453697728,2.43349387829,1.15100009116,1.21454541366,4.15447574681,2.57658775921,3.44613065431,1.61494145998,0.0928572219474,0.856764854604,1.07482537736,2.16726143816,1.52277806942,0.0176652446046,1.53322282006,1.69081025392,,,,,
Kosovo,KSV,,,,,,,,,,,,,,,,,,,,,,,,,,,,,,,,,,,,,,,,,,,,,,,,,,,,,,,,,
Kuwait,KWT,,,,,,,,,,,,,,,,,,,,,,,,,,,,,,,3.71193849864,-203.719093991,-90.9293728494,-28.9337917117,-21.4769656427,-13.5814641361,-9.25837558735,4.82267962852,-5.57726593091,,,,,,,,,,,,,,,,,,
Kyrgyz Republic,KGZ,,,,,,,,,,,,,,,,,,,,,,,,,,,,,,,,,,,,-10.7531077541,-5.46084711936,-5.97835473853,-3.64028389709,-2.9929824624,-2.86575814228,-0.757410673319,,,,,-0.696265381138,-1.51597636889,-0.0375707676767,-1.31891499427,-4.84649359053,-4.84214608179,-6.51770743383,,,,
Lao PDR,LAO,,,,,,,,,,,,,,,,,,,,,,,,,,,,,,,,,,,,,,,,,,,,,,,-3.20964097653,-2.69229203021,-2.17032400045,-1.65589386082,-0.840150065715,-0.949183083016,-0.806708672231,,,,
Latvia,LVA,,,,,,,,,,,,,,,,,,,,,,,,,,,,,,,,,,,,-2.45150487678,-0.97779557617,1.58550980705,0.211312610857,-2.95962885036,-2.20816380309,-1.1237985017,-1.77928746073,-1.20342092215,-0.903625842889,-0.850678954788,-0.436702261967,0.753629690688,-2.50464945654,-6.38067816223,-6.92370409933,-2.85708997289,0.528054966549,,,,
Lebanon,LBN,,,,,,,,,,,,,,,,,,,,,,,,,,,,,,,,,,,,,,,-15.0524955268,-15.3673112855,-18.402382875,-15.0460405099,-12.7126626775,-13.2511263252,-8.65685356186,-8.04679090088,-11.2611788553,-11.3621188439,-10.1539574755,-8.18447320586,-7.58851657941,-6.41952034956,-8.78047338007,-10.6238783176,-6.30316065193,,
Lesotho,LSO,,,,,,,,,,,,,,,,,,,,,,,,,,,,,,,-0.556919801278,-0.0477691850089,4.57819951338,,8.43342036554,5.53915275995,5.59578107184,,,,,-2.75097947942,-4.07359301131,0.763235161747,8.26256598692,4.2414194936,13.9410781606,7.94927278982,5.63084300671,,,,,,,,
Liberia,LBR,,,,,,,,,,,,,,,,,,,,,,,,,,,,,,,,,,,,,,,,,,,,,,,,,,,,,,,,,
Libya,LBY,,,,,,,,,,,,,,,,,,,,,,,,,,,,,,,,,,,,,,,,,,,,,,,,,,,,,,,,,
Liechtenstein,LIE,,,,,,,,,,,,,,,,,,,,,,,,,,,,,,,,,,,,,,,,,,,,,,,,,,,,,,,,,
Lithuania,LTU,,,,,,,,,,,,,,,,,,,,,,,,,,,,,,,,,,,,-2.36085476185,-2.82004014804,-5.48950470543,-3.51570749846,-2.53584525298,-2.56263109776,-2.91800754123,-2.63036569541,-2.73857421381,-2.59102512125,-2.42908845807,-2.5668328892,-3.18567775478,-3.73472493475,-4.99874467501,-2.80266675594,-3.20717301673,-1.29327876655,-1.20688294934,0.0269877017507,,
Luxembourg,LUX,,,,,,,,,,,,,3.83810165301,4.79789988225,5.83677315445,3.64766943242,3.43002824037,3.99842565488,5.65923603579,3.04215497043,4.16831474863,3.18369430287,2.03768688774,3.35141035238,4.06373345491,6.35446192969,5.73923985283,4.45455376305,3.88720806476,6.25223212983,2.6172696666,2.5768613132,1.44227317504,1.79148741714,2.06215814127,1.33033293161,2.51179310424,3.98742278821,,1.75609135592,4.05499860202,4.58584276359,0.880514431568,-0.759394520743,-2.12888954654,-0.723440652999,0.197954560751,2.41836435857,1.71218688287,-1.60332487587,-0.780161359629,0.258870310469,-0.200285328407,1.07158977021,1.84920693676,,
"Macao SAR, China",MAC,,,,,,,,,,,,,,,,,,,,,,,,,,,,,,,,,,,,,1.43093084247,2.72137707319,0.000182332226091,-0.601125562345,1.64411589063,3.28625737332,2.68021997559,4.82944095897,7.84024478941,8.36150610338,9.79651506701,16.465618411,17.5707760349,13.4353123252,19.4868802249,24.7621995666,24.0709451483,,,,
"Macedonia, FYR",MKD,,,,,,,,,,,,,,,,,,,,,,,,,,,,,,,,,,,,,,,,,,,,,,2.32238473765,-0.144141696431,0.252332751167,-0.964593024657,-2.68485512105,-2.53100874465,-2.64161349114,-3.9326938117,,,,
Madagascar,MDG,,,,,,,,,,,,,,,,,,,,,,,,,,,,,,,,,,,,,,,,,-2.04366393429,-3.85181401705,-4.44879391968,-3.68780574918,-4.50455634593,-4.64739153636,-0.394357501357,-2.66445589836,-1.92773442826,-2.54091735544,-0.86110704483,-1.67751789327,,,,,
Malawi,MWI,,,,,,,,,,,,,,,,,,,,,,,,,,,,,,,,,,,,,,,,,,,,,,,,,,,,,,,,,
Malaysia,MYS,,,,,,,,,,,,,,,,,,,,,,,,,,,,,,,,,,,,,1.45390196704,2.91985308469,-0.821906201014,-3.82998743209,-4.12417473576,-3.50568326531,-4.90146446353,-4.8523171486,-4.12404624838,-3.76082181398,-2.95949680501,-3.17455420213,-4.408843462,-6.13335622534,-5.00056327579,-4.61686041857,-4.3864175172,,,,
Maldives,MDV,,,,,,,,,,,,,,,,,,,,,,,,,,,,,,,-7.50693734482,-8.75169606513,-11.0033544787,-11.294477312,-5.16886076563,-6.58205745193,-2.35427277872,-1.87569216301,-2.88975758851,-3.88732978351,-4.9969733746,-3.5986376842,-3.60749460349,-3.47420776607,-2.30299270198,-8.11035768233,-4.83149729373,-3.37467988866,-10.6461303198,-19.3638244724,-14.9612254459,-7.71372497089,,,,,
Mali,MLI,,,,,,,,,,,,,,,,,,,,,,,,,,,,,,,,,,,,,,,,,-2.76149353819,-3.22345452786,-3.59221490176,-1.32986527824,-2.68104246104,-2.1185954911,27.2599347516,-4.14707017575,-1.56252044549,-1.81645163665,-2.20357996188,-2.86497443063,0.000456523244904,-1.17899847554,,,
Malta,MLT,,,,,,,,,,,,,2.54871284652,13.0627111933,9.01550913455,14.9924538143,14.2440311078,8.85377374589,12.3778639994,,8.25745682461,9.23749496628,7.76760848282,9.549331828,8.41386929341,8.49318993929,5.53408842206,3.02285463925,7.37391283265,4.88531309668,-11.2164499672,-10.7954618519,-5.91909249668,-7.25331305227,-9.07741899632,-17.306755249,-23.883491739,-21.8821258623,-27.8523744878,-19.4387713759,-17.0816182103,-19.0318422207,-18.405190321,-26.7779153075,-16.8925046333,-11.077829872,-10.8589730358,-9.91278563129,-6.55054460769,-5.52605800731,-3.40451528854,-2.3843229933,-3.70036874631,-2.67434660948,,,
Marshall Islands,MHL,,,,,,,,,,,,,,,,,,,,,,,,,,,,,,,,,,,,,,,,,,,,,,,,,,,,,,,,,
Mauritania,MRT,,,,,,,,,,,,,,,,,,,,,,,,,,,,,,,,,,,,,,,,,,,,,,,,,,,,,,,,,
Mauritius,MUS,,,,,,,,,,,,,,,,,0.287906110092,-2.31844804296,-4.94407419848,-6.24079717034,-3.46022449048,-5.32097034405,-6.40125241349,-2.43980097341,-1.26418756688,-0.280444151147,1.68985498517,3.4657470435,3.54609664384,3.68769912232,0.307555699797,0.520608423078,-0.22797963489,0.509446358033,-0.102025394048,-1.20176516561,-3.26401300999,-2.17840366778,-0.902625371658,-2.09295965929,-1.06741822668,-3.79889909268,-3.57622074339,-3.05501988092,-2.96667857881,-2.04150770884,-2.73359757126,-2.03628720891,0.619723180565,0.575129149932,-2.08027542869,-1.12931138568,-0.578527775032,-2.92721135604,-0.53747906035,,
Mexico,MEX,,,,,,,,,,,,,,,,,,,,,,,,,,,,,,,-2.54514321577,-0.000316073066417,0.978109360672,0.187307350791,-0.00168562666564,-0.513878142188,-0.110727265971,-1.2625378851,-1.3683819562,-1.40234430024,-0.995374334091,,,,,,,,,,,,,,,,
"Micronesia, Fed. Sts.",FSM,,,,,,,,,,,,,,,,,,,,,,,,,,,,,,,,,,,,,,,,,,,,,,,,,,,,,,,,,
Moldova,MDA,,,,,,,,,,,,,,,,,,,,,,,,,,,,,,,,,,,,,,-6.279066969,-3.70282027692,-2.92089258712,-1.49131268226,0.959513767973,,1.98523345484,0.268795577592,1.80362892477,0.195511646942,-0.336892092957,-0.405902302621,-5.91893374201,-2.56101809943,-1.79529239216,-2.04584151656,,,,
Monaco,MCO,,,,,,,,,,,,,,,,,,,,,,,,,,,,,,,,,,,,,,,,,,,,,,,,,,,,,,,,,
Mongolia,MNG,,,,,,,,,,,,,,,,,,,,,,,,,,,,,,,,,-0.518436885923,2.70821780566,0.377123218474,2.44252969921,0.744041372447,-0.030441850243,-0.970425879451,-2.71560675743,0.183487428269,0.994268059723,-1.25088562818,-0.38061390396,,,2.75608019624,7.13598763242,-3.28337778708,-4.09219219473,2.63018628849,-2.64687753082,-7.08958781749,,,,
Montenegro,MNE,,,,,,,,,,,,,,,,,,,,,,,,,,,,,,,,,,,,,,,,,,,,,,,,,,,,,,,,,
Morocco,MAR,,,,,,,,,,,,,1.17369886485,2.98408488064,2.52236135957,3.76259921452,1.41892529984,4.09959606921,3.07865250027,3.38474928678,0.326172822013,-1.2205757473,1.03321129616,0.0328807863032,0.173795510045,-1.22765037469,-0.7929277437,1.26250294189,3.18030725843,2.16600650075,-1.89223466664,-1.76558906838,-1.07739044984,-2.09909992548,-2.6337886071,-3.8305687604,,-0.579416316764,-2.3784402675,-2.27033844265,,,-2.6304131204,-2.07868485603,-2.0145260664,-2.34539610761,0.567948505413,2.39960233101,1.93842035846,1.02503887774,-2.28091328022,-4.0645815231,,,,,
Mozambique,MOZ,,,,,,,,,,,,,,,,,,,,,,,,,,,,,,,,,,,,,,,,,,,,,,,,,,,-3.52410728744,-3.53752377261,-2.64426928466,,,,
Myanmar,MMR,,,,,,,,,,,,,,,,,,,,,,,,,,,,,,,,,,,,,,,,,,,,-2.67168924824,-1.97408747221,,,,,,,,,,,,
Namibia,NAM,,,,,,,,,,,,,,,,,,,,,,,,,,,,,,,,-2.12042557999,-4.1150513448,,,,,,,-2.47729480025,-1.62973874618,-4.18511951197,-2.38858995544,-6.66758220998,-2.58141804284,-0.0486194425796,5.17200710743,1.97596265957,5.56772324358,1.36789271707,-7.25623400041,-11.8781219122,,,,,
Nauru,NRU,,,,,,,,,,,,,,,,,,,,,,,,,,,,,,,,,,,,,,,,,,,,,,,,,,,,,,,,,
Nepal,NPL,,,,,,,,,,,,,,,,,,,,,,,,,,,,,,,,,,,,,,,,,,,,,-1.35663038031,-0.977414779475,,,,,-1.3733796176,-1.00051033173,-0.625536421396,1.53917980473,,,
Netherlands,NLD,,,,,,,,,,,,,,3.56571809189,2.43150763067,0.159812688999,0.414094108414,0.321683865503,-0.768966174222,-1.83799022922,-1.9083826713,-2.98765483537,-4.63405515103,-4.37610658164,-4.50791336812,-3.02538016629,-3.29732666677,-4.60571963309,-3.36750342164,-4.17310276081,-4.09430687645,-2.07613433458,-3.0199365319,-2.78436235315,-3.81370725098,-10.22527137,-3.47309387736,-3.56065440855,-2.37391310584,-1.20360237008,0.480291760274,-1.59409765217,-3.01718306899,-4.12674092024,-2.92667666427,-1.46130293305,-0.954572808574,-0.829800365249,-0.498777327223,-6.07102368753,-3.9497270044,-3.64239286142,-3.44718552182,-2.04146225669,-1.98862350438,,
New Caledonia,NCL,,,,,,,,,,,,,,,,,,,,,,,,,,,,,,,,,,,,,,,,,,,,,,,,,,,,,,,,,
New Zealand,NZL,,,,,,,,,,,,,1.28302845528,2.47799152266,3.20506479375,-0.720056199508,2.12689773704,1.53433064825,-2.30695470698,-0.87460739309,-2.27508614605,-2.98690671031,-3.49629272409,-4.92321834108,-4.41317250622,-1.13367875648,-1.78244814853,-0.331141056892,-0.714326451466,,,,,,,,,,,,,1.6468549941,0.516904599725,1.61168493723,2.33301457696,3.11170160063,3.54891380695,1.93316346043,1.68762136529,-0.210217677184,-2.03480261262,-7.69686505483,-0.438363274584,-0.547456242205,0.0373755123187,,
Nicaragua,NIC,,,,,,,,,,,,,,,,,,,,,,,,,,,,,,,-34.2362794122,6.06741728641,-2.28101294065,0.0818642727569,-1.60993942976,0.490766824077,-0.500812467791,-0.383250082162,-0.615503972812,-1.67685545427,-2.79908019695,-4.93548944988,-1.89915942749,-2.19383774068,-1.71110422096,-1.41240794442,0.0516631008835,0.320292008163,-0.874224595502,-1.67427370176,-0.723866341849,0.459661651681,0.513726431977,,,,
Niger,NER,,,,,,,,,,,,,,,,,,,,,,,,,,,,,,,,,,,,,,,,,,,,,,,,,,,,,,,,,
Nigeria,NGA,,,,,,,,,,,,,,,,,,,,,,,,,,,,,,,,,,,,,,,,,,,,-2.19041221345,-1.47940624025,-1.09600576288,-0.539289959871,-0.559670018939,-0.192173243547,-3.20969326733,-1.99299251572,-1.81861388398,-1.34367075975,,,,
Northern Mariana Islands,MNP,,,,,,,,,,,,,,,,,,,,,,,,,,,,,,,,,,,,,,,,,,,,,,,,,,,,,,,,,
Norway,NOR,,,,,,,,,,,,,4.30824924363,4.80419924881,4.32906190359,3.43033709827,2.46941907719,1.65815864741,0.543692186577,0.990831279941,4.2971732348,6.02444296505,4.99202374328,6.27189168633,6.44479807932,8.40804264565,8.30003797819,5.5977948415,4.67064407515,3.33570879226,1.83260876217,0.37097178817,-2.3869348751,-2.33411269581,-0.848599543268,2.2365759491,5.37482802466,6.73358310173,3.74091291962,5.70600801042,14.5855190814,12.9990380918,8.12501886076,7.39861934326,10.6949513073,14.0709985799,17.2599615765,16.6807313937,18.9038451598,10.4449194683,12.0439104602,14.2451234306,14.4290720921,11.4849759079,10.7820794749,,
Oman,OMN,,,,,,,,,,,,,,,,,,,,,,,,,,,,,,,-0.318279952814,-6.66620803522,-11.7233024917,-10.2943625614,-9.98731705353,-8.85794501705,-4.52479444359,0.658526972658,-7.10325627153,-7.48275985374,-5.27691118044,-4.55657615017,0.393807537864,1.24786612488,2.31893799361,2.22240816668,-0.0782696809812,0.150786686277,0.190023955829,-3.59521211698,-0.42443541663,-0.797412143021,-0.429934624046,,,,
Pakistan,PAK,,,,,,,,,,,,,,,,,,,,,,,,,,,,,,,-2.46453321013,-5.5277538447,-5.83079710987,-6.57871738379,-5.38003874181,-5.28328622525,-6.59875396961,-6.73327809606,-5.63881245388,-5.53961895317,-4.08642091147,-3.74814157102,-2.85652107709,-2.88341159985,-1.95162554205,-3.20278433954,-3.92427849506,-3.9174175679,-7.16053135939,-4.587791229,-4.98925270445,-6.39570397736,-8.00655974858,-5.23482376064,,,
Palau,PLW,,,,,,,,,,,,,,,,,,,,,,,,,,,,,,,,,,,,,,,,,,,,,,,,,,,,,,,,,
Panama,PAN,,,,,,,,,,,,,,,,,,,,,,,,,,,,,,,1.8895415263,5.24254828261,0.868882230081,2.73463219073,0.82185623717,1.43708569629,-1.11849657688,-0.70243763185,-1.75629406161,0.168176430728,-0.794052270535,0.859224270061,,,,,,,,,,,,,,,
Papua New Guinea,PNG,,,,,,,,,,,,,,,,,,,,,,,,,,,,,,,-2.17313568689,-1.67461726204,-5.47122898413,-5.71305294734,-2.48731533552,-0.46777083636,0.571754455679,0.286753488898,-1.74342611103,-2.73814594142,-1.88282421578,-1.27463616864,-2.26339496375,,,,,,,,,,,,,,
Paraguay,PRY,,,,,,,,,,,,,,,,,,,,,,,,,,,,,,,,,,,,,,,,,,,,,,0.922866058019,1.07889616105,1.5563072897,2.93225242985,0.737915140425,1.9234839148,1.61631824121,-0.979808050503,,,,
Peru,PER,,,,,,,,,,,,,,,,,,,,,,,,,,,,,,,-8.29502931088,-2.07112676643,-3.53278529803,-2.96767371564,-1.95070138411,-1.35412079486,2.76276009935,0.500509646028,-0.389538130792,-2.4497631119,-2.14823550124,-2.14341938573,-1.45692964391,-1.741411231,-1.25318003072,-0.873279333073,1.91920430051,1.79163727587,2.11605361604,-1.14089918571,0.500513281062,1.31506472323,2.03165396553,,,,
Philippines,PHL,,,,,,,,,,,,,,,,,,,,,,,,,,,,,,,-2.81108057001,-1.4970220615,-1.69544947723,-0.81311289512,,,,,,,-3.6596610476,,,-4.506715419,-3.84127509966,-2.8386245446,-1.25217712786,-1.41486932805,-1.20228161448,-3.76528292928,-3.4610839467,-1.76401057924,-1.9497610521,,,,
Poland,POL,,,,,,,,,,,,,,,,,,,,,,,,,,,,,,,,,,,-1.978192102,-1.88598670258,-2.02714859493,-2.4991649548,-1.72737403844,-2.34683579158,-3.01459643817,-4.15269718542,-5.6539647957,-6.5751303375,-6.57571502826,-5.07391979076,-4.39528764928,-2.81207947939,-4.62538032289,-6.95796157756,-6.5697618092,-4.08047712276,-3.48405639807,-3.80374572627,-1.61752986657,,
Portugal,PRT,,,,,,,,,,,,,,,,-4.36715033762,-5.20514205157,,-5.09551615802,-4.82167183139,-4.49916125154,-5.55292989192,-4.75206825063,-4.18809503188,-3.82982855147,-8.57877244477,-6.04019784218,-4.38283733985,-3.185718894,-1.24292629435,-4.09524609013,,,,,-6.57681507934,-5.79728685256,-4.64145555169,-6.08752382094,-4.59414781754,-4.19415027777,-5.76581975485,-4.26572933225,-5.38239784532,-7.44852250054,-7.37023090564,-5.71380051629,-4.2489068824,-5.35409002147,-11.3841948304,-11.0374894406,-7.97119814634,-6.90712665305,-5.59842407787,-8.69720973002,,
Puerto Rico,PRI,,,,,,,,,,,,,,,,,,,,,,,,,,,,,,,,,,,,,,,,,,,,,,,,,,,,,,,,,
Qatar,QAT,,,,,,,,,,,,,,,,,,,,,,,,,,,,,,,,,,,,,,,,,,,,,16.4154849886,9.20310739338,8.53561208379,10.8964136001,9.93775478964,15.3150611204,2.94382116646,,,,,,
Romania,ROU,,,,,,,,,,,,,,,,,,,,,,1.96568863236,3.30492163871,3.29517366983,6.55556917044,2.6006116208,4.34652993084,7.1589161046,5.89498249708,8.295,0.937172164588,1.9433731113,-3.40940754992,0.386358418431,-2.06695575263,-2.1314665587,-3.74405722511,-4.56380332515,-3.3748547288,-4.85639720689,-5.69902525367,-4.86354783008,-3.13155991876,-3.34658050494,-2.75331303538,-3.00066641881,-3.8398370879,-4.19707554406,-6.06008475164,-9.98791846162,-6.83049090893,-4.87197600696,-2.74445707717,-2.36281406089,-0.664297503181,,
Russian Federation,RUS,,,,,,,,,,,,,,,,,,,,,,,,,,,,,,,,,,,-6.99369631699,9.32110603738,,,-6.25578038089,-0.118261776082,2.46922907052,2.63026073653,7.03040087494,2.20755530792,5.2809174871,9.88306834594,8.0260944575,4.36995107637,4.56769366604,-7.54988405449,-1.8650987006,3.08636198421,2.35436104617,0.886974113988,0.796396672573,,
Rwanda,RWA,,,,,,,,,,,,,,,,,,,,,,,,,,,,,,,-8.76928371063,-9.40258435303,-9.31908095724,,,,,,,,,,,,,,,,0.628152844979,-0.129173383298,-1.07838050352,-0.922618423625,-3.96166854566,-2.96258223684,,,
Samoa,WSM,,,,,,,,,,,,,,,,,,,,,,,,,,,,,,,,,,,,,,,,,,,,,,,,,,,-0.00580380916273,-0.00527605401652,-0.00717041210006,,,,
San Marino,SMR,,,,,,,,,,,,,,,,,,,,,,,,,,,,,,,,,,,,3333.06464182,,,,,,,-0.10098726738,1.65418868342,1.16793515174,4.07249125588,5.07081779761,3.12125995296,6.86424037857,,,,,,,,
Sao Tome and Principe,STP,,,,,,,,,,,,,,,,,,,,,,,,,,,,,,,,,,,,,,,,,,,-8.4288819373,-2.64651161594,-8.41837246746,-5.52687589969,-10.6956189782,128.11139217,15.6660716168,-17.9833523439,-10.7701995561,-13.0591036814,-12.1126283312,,,,
Saudi Arabia,SAU,,,,,,,,,,,,,,,,,,,,,,,,,,,,,,,,,,,,,,,,,,,,,,,,,,,,,,,,,
Senegal,SEN,,,,,,,,,,,,,,,,,,,,,,,,,,,,,,,,,,,,,,,,-0.896695512883,-0.870408697472,-2.0640642773,,,,,,,,-4.96684319378,-5.18993396658,-6.15344796935,-5.30073698513,,,,
Serbia,SRB,,,,,,,,,,,,,,,,,,,,,,,,,,,,,,,,,,,,,,,,,,,,,,,,-0.900718009723,-1.67613801206,-2.6271371524,-3.76287689706,-4.16813693729,-6.08947120456,,,,
Seychelles,SYC,,,,,,,,,,,,,,,,,,,,,,,,,,,,,,,,,,-4.87050008145,-1.50443197528,-4.30973926697,-13.2429405648,-13.8570822731,-14.9626714147,-11.1588498633,-13.8929211852,-8.79310817855,-14.3731686898,10.5948101698,2.4608668022,2.43868524595,2.16975002708,-5.30646102729,6.96865433399,3.85653468473,1.42213556719,5.52331456676,4.77906501409,,,,
Sierra Leone,SLE,,,,,,,,,,,,,,,,,,,,,,,,,,,,,,,,,,,,,,,,,,,,,,,,,,,,,,,,,
Singapore,SGP,,,,,,,,,,,,,,,,,,,,,,,,,,,,,,,10.5138049535,9.25186902266,12.6631890663,17.5865781538,20.3375331224,19.0125972002,16.3430548086,20.228141484,10.8700274609,12.1388117188,11.0635845917,5.51964349229,4.58665163497,2.93794283645,3.89323399041,6.38833614682,6.18008388869,11.1742017874,7.68584795081,1.57984477842,7.57126092447,9.21201249086,8.6265245547,,,,
Sint Maarten (Dutch part),SXM,,,,,,,,,,,,,,,,,,,,,,,,,,,,,,,,,,,,,,,,,,,,,,,,,,,,,,,,,
Slovak Republic,SVK,,,,,,,,,,,,,,,,,,,,,,,,,,,,,,,,,,,,,-0.0604538238933,-0.111124040648,-0.120100906414,-0.00680841541897,-0.312145176262,-0.176881493533,-0.199475175458,-5.63483797943,-5.30710698028,-4.4299610572,-4.78145368143,-3.276673772,-3.51386866499,-8.99332251543,-6.66342799899,-4.84998201748,-4.55914240841,-2.32262819987,-1.02418976698,,
Slovenia,SVN,,,,,,,,,,,,,,,,,,,,,,,,,,,,,,,,,,,,-0.14277735717,0.147903893528,-1.22526925395,-0.808065955695,-0.627986775663,-1.07976507987,-1.06940887006,-2.54260050565,-1.28510257824,-1.20069447916,-1.46166043207,-0.716019611642,0.147191321217,-0.185776133929,-5.31611568337,-5.38260957119,-5.81225372221,-3.54597645911,,,,
Solomon Islands,SLB,,,,,,,,,,,,,,,,,,,,,,,,,,,,,,,,,,,,,,,,,,,,,,,,,,,,,,,,,
Somalia,SOM,,,,,,,,,,,,,,,,,,,,,,,,,,,,,,,,,,,,,,,,,,,,,,,,,,,,,,,,,
South Africa,ZAF,,,,,,,,,,,,,2.38826547011,3.56129680505,2.47971328846,1.45664820242,0.126426348548,0.490353460259,1.05540895759,1.14012743211,3.34130409183,0.984116551552,-0.181901968952,-2.44409114738,-1.66479785496,-1.08779132594,-3.03892371571,-3.94853616527,-3.24073416734,0.653220806926,-3.54742338364,-3.60804851054,-8.75330747397,-8.85381696696,-5.31786767926,-5.30725338733,-5.16015936175,-3.72309599777,-2.93950116987,-1.76635595142,-1.91062560859,-0.893759798073,-1.5561123319,-2.84099499887,-2.16710566653,-0.451485742039,0.613786779687,0.784545726558,-0.896556941449,-5.23119745376,-3.96485165718,-4.55828639962,-5.11260671771,-5.7940805685,-3.31533412731,,
South Sudan,SSD,,,,,,,,,,,,,,,,,,,,,,,,,,,,,,,,,,,,,,,,,,,,,,,,,,,,,,,,,
Spain,ESP,,,,,,,,,,,,,1.99450841675,2.00448516393,1.67973828543,1.83086321507,1.29631194227,1.50106330797,0.643330786244,-0.424643687471,-1.07792680932,-1.38428458225,-3.08037847653,-3.00588501778,-3.73000089789,-4.44784481548,-2.71842643244,-1.60558385973,-1.2453452898,-0.11395409028,-2.59983919249,-2.96224712066,-3.48329359092,-6.5120481811,-6.14787854792,-6.8899304589,-5.44804010558,-4.11119416426,-3.34577526469,-2.27135061617,-2.02909091899,-1.65354355966,-1.46979528299,-1.49065561065,-1.78101272411,-0.344628960869,0.0669660130122,0.47446031123,-3.70065766798,-9.97160423119,-4.78780438389,-3.44334383084,-7.91966799377,-4.77148608708,-3.85992546775,,
Sri Lanka,LKA,,,,,,,,,,,,,,,,,,,,,,,,,,,,,,,-5.17085995575,-6.64168983067,-4.82643322211,-5.64651246585,-6.76603048953,-7.59675559453,-7.64654755151,-6.33143578592,-7.06256611042,-5.88396773942,-8.39837600069,-9.34120980703,-7.6187586329,-6.8621232307,-7.33346055487,-6.97640475183,-6.88305633822,-6.52082550924,-6.56853067167,-8.92080376515,-6.31077259434,-5.80683339555,-5.30867174091,,,,
St. Kitts and Nevis,KNA,,,,,,,,,,,,,,,,,,,,,,,,,,,,,,,-1.12136426028,-2.52700560776,-1.6401032361,-2.02187961524,-1.33834762238,,,,,,-11.1728885359,-8.81628102214,-8.13458912884,-5.27208561867,-5.48367409712,-3.31387985849,-1.46151865064,-1.07189172378,0.534386538622,-0.564261406636,-3.95264316297,2.46726837831,11.2489542344,,,,
St. Lucia,LCA,,,,,,,,,,,,,,,,,,,,,,,,,,,,,,,,,,,,,,,,,-1.04817949955,-3.13305145394,-2.22406235581,-5.93438687488,-4.17455711651,-5.21118711298,-2.90173429766,0.441916095159,0.0403084251864,-2.03160636494,-0.604687770803,-4.64245848983,-6.46599301509,,,,
St. Martin (French part),MAF,,,,,,,,,,,,,,,,,,,,,,,,,,,,,,,,,,,,,,,,,,,,,,,,,,,,,,,,,
St. Vincent and the Grenadines,VCT,,,,,,,,,,,,,,,,,,,,,,,,,,,,,,,,,,,,,,,,,,,,,,,,,,,,,,,,,
Sudan,SDN,,,,,,,,,,,,,,,,,,,,,,,,,,,,,,,,,,,,,,,-0.397775034323,-0.387804575837,,,,,,,,,,,,,,,,,
Suriname,SUR,,,,,,,,,,,,,,,,,,,,,,,,,,,,,,,,,,,,,,,,,,1.09826912517,-4.27472245185,1.01980736642,-1.5363424749,-0.705534458673,-0.449496278518,4.35258982781,1.49385769808,0.800514884264,-2.07694990203,-0.786504138666,-1.16936178046,,,,
Swaziland,SWZ,,,,,,,,,,,,,,,,,,,,,,,,,,,,,,,,,,,,,,,,,,,,,,,,,,,,,,,,,
Sweden,SWE,,,,,,,,,,,,,5.58185100449,4.28490997594,2.87961401809,2.74679693092,4.99265211506,3.59365988153,0.90485314321,-2.01529535465,-2.64632911883,-3.94965520235,-3.56399177429,-5.15996878604,-3.44503947647,-3.17747895013,-2.14291387169,2.12763381551,3.0407071771,3.93205745132,3.06551810187,-0.316204592142,-3.37032628766,-12.393131265,-10.5638909606,-8.68349443278,-4.82623163738,-3.11589240777,-0.999558262114,-0.910291686232,1.26770842504,-0.280776253707,-2.86928235915,-2.88524952331,-1.59640509056,-0.48549338367,0.197187393811,1.37434847714,0.146888775442,-2.55590003129,-0.163949143095,0.260763003213,-0.788129613548,-1.31358608391,-0.935761557797,,
Switzerland,CHE,,,,,,,,,,,,,,,,,,,,,0.187509866544,0.804495976432,0.457921080102,0.35010224837,0.5383096831,,,,,,,-0.0452477188739,-1.1225694217,-1.69956186494,-1.00713710881,-0.534728880461,-0.858595552217,-1.00469187693,-0.329234729855,-0.153629254634,2.01033635482,0.286465362044,-0.454332807953,-1.05334870379,-1.25848674224,-0.767138983258,0.0390770106593,0.198323613388,0.804406196126,-0.130745706527,0.0127899808624,0.558055414652,0.529284133092,0.440996732131,,,
Syrian Arab Republic,SYR,,,,,,,,,,,,,,,,,,,,,,,,,,,,,,,,,,,,,,,-2.26897794381,-1.1253925078,-1.10203878258,1.68325070037,-2.01542280823,-3.0453478662,-4.94754872167,-4.98606646938,-3.45078373583,-3.05779586545,,,,,,,,,
Tajikistan,TJK,,,,,,,,,,,,,,,,,,,,,,,,,,,,,,,,,,,,,,,-3.25377122991,-1.96281939017,-0.807047132878,-0.151259135022,,-4.57585444803,-6.6135039715,,,,,,,,,,,,
Tanzania,TZA,,,,,,,,,,,,,,,,,,,,,,,,,,,,,,,,,,,,,,,,,,,,,,,,,,0.0282676249271,-1.85165256474,-0.888531113773,-5.25290426519,,,,
Thailand,THA,,,,,,,,,,,,,0.507348622337,-0.0355695637883,3.20093116216,0.293109146981,-0.799999986378,0.621313495421,-0.0632937305472,-0.229558066062,-0.739189902,0.0310380921931,-1.96989192911,-0.313141630927,-0.414343105333,-1.22318975059,-0.625023702749,0.782283132556,3.3912594453,4.9022288459,4.75076096939,4.83157694547,3.04163256035,2.09260853572,2.16348728863,2.90422835801,2.54714501243,-1.78929219058,-6.2497354247,-8.70794557642,-1.808001862,-2.10742543691,-6.7846281614,1.38516967055,1.05312879629,1.87059348389,1.35889294184,-0.300856954098,0.0422379197052,-3.34179753819,-0.582530181713,-1.06155209895,-1.17514187917,0.0765204691341,0.327543808376,,
Timor-Leste,TLS,,,,,,,,,,,,,,,,,,,,,,,,,,,,,,,,,,,,,,,,,,,,,,,,,,,,,,,,,
Togo,TGO,,,,,,,,,,,,,,,,,,,,,,,,,,,,,,,,,,,,,,,,,,,,,-0.335593033456,-5.73728403859,-3.52685145063,-0.82297456816,0.269453130471,-0.553245161811,0.578613964481,-1.08331331821,-6.20244754087,-4.86069807686,,,
Tonga,TON,,,,,,,,,,,,,,,,,,,,,,,,,,,,,,,,,,,,,,,,,,,,,,,,,,,,,,,,,
Trinidad and Tobago,TTO,,,,,,,,,,,,,,,,,,,,,,,,,,,,,,,,,,-0.243521392763,0.389605515886,-0.0599423922062,,,,,,1.96935546619,-0.0586249777936,2.24184687153,1.92510792242,5.74045089224,1.84577839207,0.663806794327,2.15132650872,-4.95509609074,-1.55928821781,,,,,,
Tunisia,TUN,,,,,,,,,,,,,,,,,,,,,,,,,,,,,,,-3.20182697375,-4.68375897845,-2.18228779057,-2.42242378777,-0.500196031314,-2.44959476419,-2.60092414365,-2.47827261871,0.0269862048132,-2.21342014565,-2.40170147418,-2.12180870332,-2.14003051542,-2.1606692053,-2.52635264917,-2.81077595472,-2.44111919961,-1.99110251761,-0.613557984939,-1.47313096058,-1.37381154398,-3.84713190122,-5.06094137546,,,,
Turkey,TUR,,,,,,,,,,,,,1.48737461086,1.15384615385,2.15812827753,2.65280794291,3.37706511176,1.77033039856,2.36424552753,-0.842302292934,-0.1682407372,2.54398177446,,-0.185534093688,-5.20886844175,-2.99155162343,0.066758941489,-0.542812749676,-0.90184136909,-1.25987632625,-2.98781204508,-5.27925849949,-4.31565584506,-6.70055020339,-3.88948578636,-4.07426458747,-8.38059012043,-7.9350960334,-5.84783187042,,,,,,,,,,-2.1153007425,-6.88231300639,-3.13702914875,-1.05905074538,-0.489141883606,0.289376525279,1.50637658029,,
Turkmenistan,TKM,,,,,,,,,,,,,,,,,,,,,,,,,,,,,,,,,,,,,,,,,,,,,,,,,,,,,,,,,
Turks and Caicos Islands,TCA,,,,,,,,,,,,,,,,,,,,,,,,,,,,,,,,,,,,,,,,,,,,,,,,,,,,,,,,,
Tuvalu,TUV,,,,,,,,,,,,,,,,,,,,,,,,,,,,,,,,,,,,,,,,,,,,,,,,,,,,,,,,,
Uganda,UGA,,,,,,,,,,,,,,,,,,,,,,,,,,,,,,,,,,,,,,,,-1.18422084578,-1.87276659941,-0.948545211478,-3.51306456183,-3.5673022821,-1.28760491157,-0.770523094435,-1.53257816506,-2.36463321317,-1.35790204973,-0.804402682496,-3.35229968912,-3.2218581791,-2.12113338805,,,,
Ukraine,UKR,,,,,,,,,,,,,,,,,,,,,,,,,,,,,,,,,,,,,,,,-2.09119758192,-0.595284294702,-0.793231793917,0.321931909127,-0.188947009385,-3.19210949583,-1.36352310104,-1.03344096238,-0.890082430199,-1.46694657278,-5.60538460275,-6.52241104262,-2.32192361332,-4.06669471598,,,,
United Arab Emirates,ARE,,,,,,,,,,,,,,,,,,,,,,,,,,,,,,,,,,,,,,0.33239121271,0.030944824658,0.0593307236414,,,,,,,,,,,,0.0757648256503,-0.190302797869,0.230342585848,0.279949936997,,
United Kingdom,GBR,,,,,,,,,,,,,1.77359155964,0.599282387969,0.113400542055,-2.05080806047,-2.34685206643,-1.27771589221,-3.08912270285,-2.94848354744,-1.90171001699,-3.15513685267,-1.23399838542,-1.78420500246,-1.84495569916,-0.755407854668,-0.835220113524,-0.266029190837,1.65672864008,2.09739599514,-0.909411295931,-2.33469039055,-6.10292040168,-7.48586330571,-6.20185832882,-6.14528920857,-4.80886911017,-2.9202434496,-0.861434601978,0.0878481637158,0.610957108824,-0.152293487557,-2.72499328301,-4.26265629513,-4.11877236411,-3.99017453582,-3.65891280943,-3.65006976048,-5.61780525968,-11.2508556202,-9.53631774783,-7.42306172352,-7.87334713337,-5.48586730792,-4.96056094042,,
United States,USA,,,,,,,,,,,,,-1.07372690844,-0.780512254042,0.0832889448453,-2.15699590804,-3.12155974663,-1.76370394127,-1.40628056613,-0.322930783016,-1.43685338541,-1.05389173816,-2.73573232335,-4.81949965051,-3.67684454127,-3.92731646335,-4.24844041214,-2.62719299777,-2.64001131624,-2.30588686944,-3.65643860968,-4.35905613641,-4.41071741788,-3.68571586508,-2.78282689558,-1.9724532428,-1.37626214303,-0.230237150263,0.798312887252,1.28283636833,2.2262996472,-1.46984166757,-4.26785150226,-5.49919340438,-5.23106938345,-4.42169019318,-3.51119318332,-3.86106570539,-6.78708049544,-11.8042638819,-10.081913227,-9.00306522921,-7.38712573711,-4.19056769544,-5.37121952406,,
Uruguay,URY,,,,,,,,,,,,,,,,,,,,,,,,,,,,,,,0.542538364129,0.964162862499,0.657185752449,-0.514166626723,-2.61855020904,-1.19734709998,-1.45463834151,-0.971198636509,-0.755720847726,-3.26590765254,-3.01355484913,-3.99714210735,-4.39616958454,-4.24315861118,-2.42402593369,-1.52334878512,-0.908918130024,-1.53560203087,-0.911777249761,-1.47458818067,-0.897817249814,-0.564215267933,-2.01904758842,,,,
Uzbekistan,UZB,,,,,,,,,,,,,,,,,,,,,,,,,,,,,,,,,,,,,,,,,,,,,,,,,,,,,,,,,
Vanuatu,VUT,,,,,,,,,,,,,,,,,,,,,,,,,,,,,,,5.13590766908,,,,,1.49487091485,-0.711912672046,-0.735244519393,-0.254125807223,-0.132978723404,,,,,,,,,,-0.821419247839,-2.50412298268,-2.32697924456,,,,,
"Venezuela, RB",VEN,,,,,,,,,,,,,,,,,,,,,,,,,,,,,,,3.03765801354,3.78968816997,-1.89097674171,-1.28279927591,-1.08668871175,-2.2567792912,2.8210843241,3.2106719879,-3.71294108586,-1.54712307438,-1.23875265562,-3.9993795758,-3.23129241103,-4.12218331052,-1.30461218015,2.17879136149,,,,,,,,,,,
Vietnam,VNM,,,,,,,,,,,,,,,,,,,,,,,,,,,,,,,,,,,,,,,,,,,,,,,,,,,,,,,,,
Virgin Islands (U.S.),VIR,,,,,,,,,,,,,,,,,,,,,,,,,,,,,,,,,,,,,,,,,,,,,,,,,,,,,,,,,
West Bank and Gaza,PSE,,,,,,,,,,,,,,,,,,,,,,,,,,,,,,,,,,,,,,,,,,,,,,-9.22353137245e-09,-1.93377735125,-0.291798125296,2.05277791145,0.118675005242,0.529535196695,-0.598551776152,-0.73508888004,0.268371748333,0.676196101135,,
"Yemen, Rep.",YEM,,,,,,,,,,,,,,,,,,,,,,,,,,,,,,,,,,,,,,,,,,,,,,,,,,,,,,,,,
Zambia,ZMB,,,,,,,,,,,,,,,,,,,,,,,,,,,,,,,,,,,,,,,-2.83566518724,-0.364106167946,,1.62706894409,-1.48779108694,0.940084213191,1.72939119967,-4.00856618054,1.83729793255,-0.680246629685,-1.10612948061,0.176793240407,-1.19470461502,4.08609134535,,,,,
Zimbabwe,ZWE,,,,,,,,,,,,,,,,,,,,,,,,,,,,,,,-2.62957107985,-4.63626251444,-7.50930482571,-1.50278946541,-1.49521896867,-5.37502823028,-6.87348070069,-5.15852683488,,,,,,,,,,,,,,,,,,,
